function,inv_max_fpr,projected_eles,num_gen_eles,len_gen_eles,iterations,real_time,cpu_time,time_unit,bytes_per_second,items_per_second,label,error_occurred,error_message,actual_fpr,num_hashes,table_size
TestBloomFilterStringQuery,2,1000,8,10,565927,1231.84,1231.11,ns,,,,,,0,1,1448
TestBloomFilterStringQuery,8,1000,8,10,562306,1242.95,1241.7,ns,,,,,,0,3,4328
TestBloomFilterStringQuery,64,1000,8,10,567567,1236.07,1235.06,ns,,,,,,0,6,8656
TestBloomFilterStringQuery,512,1000,8,10,563572,1235.93,1235.5,ns,,,,,,0,9,12984
TestBloomFilterStringQuery,2048,1000,8,10,571022,1233.76,1233.88,ns,,,,,,0,11,15872
TestBloomFilterStringQuery,2,4096,8,10,565836,1232.22,1232.14,ns,,,,,,0,1,5912
TestBloomFilterStringQuery,8,4096,8,10,570146,1234.89,1235.01,ns,,,,,,0,3,17728
TestBloomFilterStringQuery,64,4096,8,10,564230,1239.31,1239.48,ns,,,,,,0,6,35456
TestBloomFilterStringQuery,512,4096,8,10,570586,1230.97,1230.91,ns,,,,,,0,9,53184
TestBloomFilterStringQuery,2048,4096,8,10,569483,1230.67,1230.9,ns,,,,,,0,11,65008
TestBloomFilterStringQuery,2,32768,8,10,564506,1236.52,1236.58,ns,,,,,,0,1,47280
TestBloomFilterStringQuery,8,32768,8,10,571028,1240.18,1240.24,ns,,,,,,0,3,141824
TestBloomFilterStringQuery,64,32768,8,10,568861,1241.49,1241.33,ns,,,,,,0,6,283648
TestBloomFilterStringQuery,512,32768,8,10,559008,1244.56,1244.54,ns,,,,,,0,9,425472
TestBloomFilterStringQuery,2048,32768,8,10,567206,1236.12,1236.31,ns,,,,,,0,11,520016
TestBloomFilterStringQuery,2,262144,8,10,568953,1233.85,1233.85,ns,,,,,,0,1,378200
TestBloomFilterStringQuery,8,262144,8,10,567595,1247.98,1247.97,ns,,,,,,0,3,1.13458e+06
TestBloomFilterStringQuery,64,262144,8,10,561965,1237.91,1237.76,ns,,,,,,0,6,2.26917e+06
TestBloomFilterStringQuery,512,262144,8,10,564682,1241.41,1241.3,ns,,,,,,0,9,3.40374e+06
TestBloomFilterStringQuery,2048,262144,8,10,563229,1241.61,1241.64,ns,,,,,,0,11,4.16014e+06
TestBloomFilterStringQuery,2,1000000,8,10,564835,1236.65,1236.4,ns,,,,,,0,1,1.4427e+06
TestBloomFilterStringQuery,8,1000000,8,10,563806,1234.27,1234.22,ns,,,,,,0,3,4.32809e+06
TestBloomFilterStringQuery,64,1000000,8,10,567568,1235.33,1235.37,ns,,,,,,0,6,8.65618e+06
TestBloomFilterStringQuery,512,1000000,8,10,565439,1233.93,1234.03,ns,,,,,,0,9,1.29843e+07
TestBloomFilterStringQuery,2048,1000000,8,10,563956,1236.24,1235.68,ns,,,,,,0,11,1.58696e+07
TestBloomFilterStringQuery,2,1000,64,10,255091,2765.87,2764.94,ns,,,,,,0,1,1448
TestBloomFilterStringQuery,8,1000,64,10,252541,2755.69,2754.5,ns,,,,,,0,3,4328
TestBloomFilterStringQuery,64,1000,64,10,252139,2757.16,2756.65,ns,,,,,,0,6,8656
TestBloomFilterStringQuery,512,1000,64,10,254115,2753.02,2752.71,ns,,,,,,0,9,12984
TestBloomFilterStringQuery,2048,1000,64,10,254739,2784.62,2783.16,ns,,,,,,0,11,15872
TestBloomFilterStringQuery,2,4096,64,10,254632,2761.52,2761.25,ns,,,,,,0,1,5912
TestBloomFilterStringQuery,8,4096,64,10,253052,2782.14,2781.36,ns,,,,,,0,3,17728
TestBloomFilterStringQuery,64,4096,64,10,254455,2763.39,2763.35,ns,,,,,,0,6,35456
TestBloomFilterStringQuery,512,4096,64,10,253119,2750.78,2750.66,ns,,,,,,0,9,53184
TestBloomFilterStringQuery,2048,4096,64,10,255205,2751.56,2751.38,ns,,,,,,0,11,65008
TestBloomFilterStringQuery,2,32768,64,10,253845,2744.29,2744.35,ns,,,,,,0,1,47280
TestBloomFilterStringQuery,8,32768,64,10,255044,2753.79,2752.97,ns,,,,,,0,3,141824
TestBloomFilterStringQuery,64,32768,64,10,253134,2770.12,2769.77,ns,,,,,,0,6,283648
TestBloomFilterStringQuery,512,32768,64,10,251835,2764.47,2763.45,ns,,,,,,0,9,425472
TestBloomFilterStringQuery,2048,32768,64,10,252654,2764.63,2763.93,ns,,,,,,0,11,520016
TestBloomFilterStringQuery,2,262144,64,10,253884,2762.34,2761.85,ns,,,,,,0,1,378200
TestBloomFilterStringQuery,8,262144,64,10,252017,2772.14,2771.03,ns,,,,,,0,3,1.13458e+06
TestBloomFilterStringQuery,64,262144,64,10,250504,2821.19,2816.64,ns,,,,,,0,6,2.26917e+06
TestBloomFilterStringQuery,512,262144,64,10,251356,2785.44,2784.8,ns,,,,,,0,9,3.40374e+06
TestBloomFilterStringQuery,2048,262144,64,10,251848,2780.42,2779.98,ns,,,,,,0,11,4.16014e+06
TestBloomFilterStringQuery,2,1000000,64,10,252287,2776.71,2776.28,ns,,,,,,0,1,1.4427e+06
TestBloomFilterStringQuery,8,1000000,64,10,249941,2798.22,2797.5,ns,,,,,,0,3,4.32809e+06
TestBloomFilterStringQuery,64,1000000,64,10,250700,2795.36,2795.25,ns,,,,,,0,6,8.65618e+06
TestBloomFilterStringQuery,512,1000000,64,10,250315,2796.16,2795.76,ns,,,,,,0,9,1.29843e+07
TestBloomFilterStringQuery,2048,1000000,64,10,250575,2789.98,2789.52,ns,,,,,,0,11,1.58696e+07
TestBloomFilterStringQuery,2,1000,512,10,46835,15170.4,15170.7,ns,,,,,,0,1,1448
TestBloomFilterStringQuery,8,1000,512,10,47066,14893.4,14894.6,ns,,,,,,0,3,4328
TestBloomFilterStringQuery,64,1000,512,10,47080,14858,14858,ns,,,,,,0,6,8656
TestBloomFilterStringQuery,512,1000,512,10,46850,14916.3,14914.7,ns,,,,,,0,9,12984
TestBloomFilterStringQuery,2048,1000,512,10,47059,14857.1,14856.3,ns,,,,,,0,11,15872
TestBloomFilterStringQuery,2,4096,512,10,46959,14884.3,14883.2,ns,,,,,,0,1,5912
TestBloomFilterStringQuery,8,4096,512,10,47069,14896.4,14895.7,ns,,,,,,0,3,17728
TestBloomFilterStringQuery,64,4096,512,10,47213,14866.7,14865.9,ns,,,,,,0,6,35456
TestBloomFilterStringQuery,512,4096,512,10,46971,14884.4,14883.8,ns,,,,,,0,9,53184
TestBloomFilterStringQuery,2048,4096,512,10,46804,14898.5,14897.3,ns,,,,,,0,11,65008
TestBloomFilterStringQuery,2,32768,512,10,47052,14857.9,14856.7,ns,,,,,,0,1,47280
TestBloomFilterStringQuery,8,32768,512,10,47071,14943.5,14942.8,ns,,,,,,0,3,141824
TestBloomFilterStringQuery,64,32768,512,10,46193,15275.1,15273.4,ns,,,,,,0,6,283648
TestBloomFilterStringQuery,512,32768,512,10,46027,15075.3,15079.2,ns,,,,,,0,9,425472
TestBloomFilterStringQuery,2048,32768,512,10,46423,15119.2,15123.5,ns,,,,,,0,11,520016
TestBloomFilterStringQuery,2,262144,512,10,46449,15026.4,15028.6,ns,,,,,,0,1,378200
TestBloomFilterStringQuery,8,262144,512,10,46318,15157.4,15161.4,ns,,,,,,0,3,1.13458e+06
TestBloomFilterStringQuery,64,262144,512,10,45969,15211.5,15214.1,ns,,,,,,0,6,2.26917e+06
TestBloomFilterStringQuery,512,262144,512,10,45581,15331.3,15335.6,ns,,,,,,0,9,3.40374e+06
TestBloomFilterStringQuery,2048,262144,512,10,45751,15303.6,15306.6,ns,,,,,,0,11,4.16014e+06
TestBloomFilterStringQuery,2,1000000,512,10,46168,15147.9,15154.1,ns,,,,,,0,1,1.4427e+06
TestBloomFilterStringQuery,8,1000000,512,10,45541,15357.6,15363.5,ns,,,,,,0,3,4.32809e+06
TestBloomFilterStringQuery,64,1000000,512,10,45249,15393.3,15399.8,ns,,,,,,0,6,8.65618e+06
TestBloomFilterStringQuery,512,1000000,512,10,45372,15413.8,15419.1,ns,,,,,,0,9,1.29843e+07
TestBloomFilterStringQuery,2048,1000000,512,10,45316,15444.5,15450.3,ns,,,,,,0,11,1.58696e+07
TestBloomFilterStringQuery,2,1000,4096,10,6274,111526,111524,ns,,,,,,0,1,1448
TestBloomFilterStringQuery,8,1000,4096,10,6275,111315,111314,ns,,,,,,0,3,4328
TestBloomFilterStringQuery,64,1000,4096,10,6203,112575,112576,ns,,,,,,0,6,8656
TestBloomFilterStringQuery,512,1000,4096,10,6293,111065,111064,ns,,,,,,0,9,12984
TestBloomFilterStringQuery,2048,1000,4096,10,6278,111077,111077,ns,,,,,,0,11,15872
TestBloomFilterStringQuery,2,4096,4096,10,6286,111849,111855,ns,,,,,,0,1,5912
TestBloomFilterStringQuery,8,4096,4096,10,6286,111081,111080,ns,,,,,,0,3,17728
TestBloomFilterStringQuery,64,4096,4096,10,6289,111077,111076,ns,,,,,,0,6,35456
TestBloomFilterStringQuery,512,4096,4096,10,6292,111086,111085,ns,,,,,,0,9,53184
TestBloomFilterStringQuery,2048,4096,4096,10,6275,111177,111178,ns,,,,,,0,11,65008
TestBloomFilterStringQuery,2,32768,4096,10,6236,111218,111217,ns,,,,,,0,1,47280
TestBloomFilterStringQuery,8,32768,4096,10,6277,111339,111341,ns,,,,,,0,3,141824
TestBloomFilterStringQuery,64,32768,4096,10,6137,113779,113789,ns,,,,,,0,6,283648
TestBloomFilterStringQuery,512,32768,4096,10,6189,113107,113126,ns,,,,,,0,9,425472
TestBloomFilterStringQuery,2048,32768,4096,10,6176,112976,112989,ns,,,,,,0,11,520016
TestBloomFilterStringQuery,2,262144,4096,10,6196,112925,112941,ns,,,,,,0,1,378200
TestBloomFilterStringQuery,8,262144,4096,10,6090,114035,114051,ns,,,,,,0,3,1.13458e+06
TestBloomFilterStringQuery,64,262144,4096,10,6062,115286,115301,ns,,,,,,0,6,2.26917e+06
TestBloomFilterStringQuery,512,262144,4096,10,6022,116646,116648,ns,,,,,,0,9,3.40374e+06
TestBloomFilterStringQuery,2048,262144,4096,10,5961,116713,116723,ns,,,,,,0,11,4.16014e+06
TestBloomFilterStringQuery,2,1000000,4096,10,6053,114418,114433,ns,,,,,,0,1,1.4427e+06
TestBloomFilterStringQuery,8,1000000,4096,10,5860,119882,119885,ns,,,,,,0,3,4.32809e+06
TestBloomFilterStringQuery,64,1000000,4096,10,5861,119288,119308,ns,,,,,,0,6,8.65618e+06
TestBloomFilterStringQuery,512,1000000,4096,10,5895,118585,118601,ns,,,,,,0,9,1.29843e+07
TestBloomFilterStringQuery,2048,1000000,4096,10,5816,119376,119391,ns,,,,,,0,11,1.58696e+07
TestBloomFilterStringQuery,2,1000,8192,10,3155,221978,221976,ns,,,,,,0,1,1448
TestBloomFilterStringQuery,8,1000,8192,10,3156,221648,221644,ns,,,,,,0,3,4328
TestBloomFilterStringQuery,64,1000,8192,10,3169,220806,220806,ns,,,,,,0,6,8656
TestBloomFilterStringQuery,512,1000,8192,10,3165,221608,221606,ns,,,,,,0,9,12984
TestBloomFilterStringQuery,2048,1000,8192,10,3158,222979,222975,ns,,,,,,0,11,15872
TestBloomFilterStringQuery,2,4096,8192,10,3131,222539,222535,ns,,,,,,0,1,5912
TestBloomFilterStringQuery,8,4096,8192,10,3164,220886,220887,ns,,,,,,0,3,17728
TestBloomFilterStringQuery,64,4096,8192,10,3166,221137,221138,ns,,,,,,0,6,35456
TestBloomFilterStringQuery,512,4096,8192,10,3162,221009,221010,ns,,,,,,0,9,53184
TestBloomFilterStringQuery,2048,4096,8192,10,3166,221209,221208,ns,,,,,,0,11,65008
TestBloomFilterStringQuery,2,32768,8192,10,3165,221722,221719,ns,,,,,,0,1,47280
TestBloomFilterStringQuery,8,32768,8192,10,3153,221592,221596,ns,,,,,,0,3,141824
TestBloomFilterStringQuery,64,32768,8192,10,3120,223246,223256,ns,,,,,,0,6,283648
TestBloomFilterStringQuery,512,32768,8192,10,3112,225121,225134,ns,,,,,,0,9,425472
TestBloomFilterStringQuery,2048,32768,8192,10,3111,225233,225243,ns,,,,,,0,11,520016
TestBloomFilterStringQuery,2,262144,8192,10,3114,227258,227280,ns,,,,,,0,1,378200
TestBloomFilterStringQuery,8,262144,8192,10,3094,230826,230834,ns,,,,,,0,3,1.13458e+06
TestBloomFilterStringQuery,64,262144,8192,10,3029,230830,230844,ns,,,,,,0,6,2.26917e+06
TestBloomFilterStringQuery,512,262144,8192,10,2980,234610,234623,ns,,,,,,0,9,3.40374e+06
TestBloomFilterStringQuery,2048,262144,8192,10,2977,235055,235085,ns,,,,,,0,11,4.16014e+06
TestBloomFilterStringQuery,2,1000000,8192,10,3049,229079,229081,ns,,,,,,0,1,1.4427e+06
TestBloomFilterStringQuery,8,1000000,8192,10,2843,245227,245263,ns,,,,,,0,3,4.32809e+06
TestBloomFilterStringQuery,64,1000000,8192,10,2873,243470,243499,ns,,,,,,0,6,8.65618e+06
TestBloomFilterStringQuery,512,1000000,8192,10,2875,243310,243343,ns,,,,,,0,9,1.29843e+07
TestBloomFilterStringQuery,2048,1000000,8192,10,2844,245524,245560,ns,,,,,,0,11,1.58696e+07
TestBloomFilterStringQuery,2,1000,8,64,566505,1229.61,1229.13,ns,,,,,,0,1,1448
TestBloomFilterStringQuery,8,1000,8,64,568381,1227.65,1227.46,ns,,,,,,0,3,4328
TestBloomFilterStringQuery,64,1000,8,64,568017,1237.92,1237.35,ns,,,,,,0,6,8656
TestBloomFilterStringQuery,512,1000,8,64,567339,1235.09,1234.56,ns,,,,,,0,9,12984
TestBloomFilterStringQuery,2048,1000,8,64,569559,1233.92,1233.79,ns,,,,,,0,11,15872
TestBloomFilterStringQuery,2,4096,8,64,571005,1232.69,1232.39,ns,,,,,,0,1,5912
TestBloomFilterStringQuery,8,4096,8,64,567797,1236.8,1236.55,ns,,,,,,0,3,17728
TestBloomFilterStringQuery,64,4096,8,64,571021,1231.86,1231.59,ns,,,,,,0,6,35456
TestBloomFilterStringQuery,512,4096,8,64,569849,1232.74,1232.44,ns,,,,,,0,9,53184
TestBloomFilterStringQuery,2048,4096,8,64,569749,1227.94,1227.63,ns,,,,,,0,11,65008
TestBloomFilterStringQuery,2,32768,8,64,567626,1232.11,1231.21,ns,,,,,,0,1,47280
TestBloomFilterStringQuery,8,32768,8,64,562775,1233,1233.24,ns,,,,,,0,3,141824
TestBloomFilterStringQuery,64,32768,8,64,569331,1239.72,1239.43,ns,,,,,,0,6,283648
TestBloomFilterStringQuery,512,32768,8,64,568253,1232.11,1231.81,ns,,,,,,0,9,425472
TestBloomFilterStringQuery,2048,32768,8,64,568059,1245.64,1243.65,ns,,,,,,0,11,520016
TestBloomFilterStringQuery,2,262144,8,64,566690,1235.08,1234.99,ns,,,,,,0,1,378200
TestBloomFilterStringQuery,8,262144,8,64,565860,1240.58,1240.2,ns,,,,,,0,3,1.13458e+06
TestBloomFilterStringQuery,64,262144,8,64,566023,1236.47,1235.97,ns,,,,,,0,6,2.26917e+06
TestBloomFilterStringQuery,512,262144,8,64,568175,1233.7,1233.61,ns,,,,,,0,9,3.40374e+06
TestBloomFilterStringQuery,2048,262144,8,64,566579,1234.81,1234.39,ns,,,,,,0,11,4.16014e+06
TestBloomFilterStringQuery,2,1000000,8,64,557577,1234.35,1234.13,ns,,,,,,0,1,1.4427e+06
TestBloomFilterStringQuery,8,1000000,8,64,568244,1235.14,1234.92,ns,,,,,,0,3,4.32809e+06
TestBloomFilterStringQuery,64,1000000,8,64,568462,1235.31,1235,ns,,,,,,0,6,8.65618e+06
TestBloomFilterStringQuery,512,1000000,8,64,566230,1236.6,1236.21,ns,,,,,,0,9,1.29843e+07
TestBloomFilterStringQuery,2048,1000000,8,64,565639,1234.63,1234.54,ns,,,,,,0,11,1.58696e+07
TestBloomFilterStringQuery,2,1000,64,64,253891,2760.17,2760.14,ns,,,,,,0,1,1448
TestBloomFilterStringQuery,8,1000,64,64,253089,2763.44,2761.52,ns,,,,,,0,3,4328
TestBloomFilterStringQuery,64,1000,64,64,253256,2770.62,2770.22,ns,,,,,,0,6,8656
TestBloomFilterStringQuery,512,1000,64,64,253917,2753.12,2752.07,ns,,,,,,0,9,12984
TestBloomFilterStringQuery,2048,1000,64,64,254531,2753.88,2753.71,ns,,,,,,0,11,15872
TestBloomFilterStringQuery,2,4096,64,64,254771,2750.57,2750.25,ns,,,,,,0,1,5912
TestBloomFilterStringQuery,8,4096,64,64,255021,2745.07,2744.6,ns,,,,,,0,3,17728
TestBloomFilterStringQuery,64,4096,64,64,254553,2752.38,2751.65,ns,,,,,,0,6,35456
TestBloomFilterStringQuery,512,4096,64,64,253142,2755.65,2754.99,ns,,,,,,0,9,53184
TestBloomFilterStringQuery,2048,4096,64,64,253409,2752.02,2751.52,ns,,,,,,0,11,65008
TestBloomFilterStringQuery,2,32768,64,64,254447,2755.69,2755.43,ns,,,,,,0,1,47280
TestBloomFilterStringQuery,8,32768,64,64,254188,2756.4,2755.85,ns,,,,,,0,3,141824
TestBloomFilterStringQuery,64,32768,64,64,253963,2751.18,2750.96,ns,,,,,,0,6,283648
TestBloomFilterStringQuery,512,32768,64,64,253333,2766.13,2765.3,ns,,,,,,0,9,425472
TestBloomFilterStringQuery,2048,32768,64,64,254952,2747.38,2747.13,ns,,,,,,0,11,520016
TestBloomFilterStringQuery,2,262144,64,64,253885,2764.41,2763.95,ns,,,,,,0,1,378200
TestBloomFilterStringQuery,8,262144,64,64,253037,2768.56,2767.82,ns,,,,,,0,3,1.13458e+06
TestBloomFilterStringQuery,64,262144,64,64,252006,2782.41,2782.44,ns,,,,,,0,6,2.26917e+06
TestBloomFilterStringQuery,512,262144,64,64,251440,2786.63,2785.87,ns,,,,,,0,9,3.40374e+06
TestBloomFilterStringQuery,2048,262144,64,64,252558,2780.99,2780.7,ns,,,,,,0,11,4.16014e+06
TestBloomFilterStringQuery,2,1000000,64,64,252017,2767.03,2766.76,ns,,,,,,0,1,1.4427e+06
TestBloomFilterStringQuery,8,1000000,64,64,251200,2770.87,2771.03,ns,,,,,,0,3,4.32809e+06
TestBloomFilterStringQuery,64,1000000,64,64,250830,2792.18,2791.66,ns,,,,,,0,6,8.65618e+06
TestBloomFilterStringQuery,512,1000000,64,64,250590,2796.86,2796.45,ns,,,,,,0,9,1.29843e+07
TestBloomFilterStringQuery,2048,1000000,64,64,250940,2787.46,2786.99,ns,,,,,,0,11,1.58696e+07
TestBloomFilterStringQuery,2,1000,512,64,47096,14864.6,14864.3,ns,,,,,,0,1,1448
TestBloomFilterStringQuery,8,1000,512,64,47163,14867,14866.6,ns,,,,,,0,3,4328
TestBloomFilterStringQuery,64,1000,512,64,47151,14824.1,14823.4,ns,,,,,,0,6,8656
TestBloomFilterStringQuery,512,1000,512,64,47071,14848.3,14847.6,ns,,,,,,0,9,12984
TestBloomFilterStringQuery,2048,1000,512,64,47199,14821.8,14821.2,ns,,,,,,0,11,15872
TestBloomFilterStringQuery,2,4096,512,64,47112,14872.2,14871.5,ns,,,,,,0,1,5912
TestBloomFilterStringQuery,8,4096,512,64,47061,14846.7,14846,ns,,,,,,0,3,17728
TestBloomFilterStringQuery,64,4096,512,64,47145,14819.7,14818.8,ns,,,,,,0,6,35456
TestBloomFilterStringQuery,512,4096,512,64,47059,14851.9,14851.5,ns,,,,,,0,9,53184
TestBloomFilterStringQuery,2048,4096,512,64,47186,14827.6,14827,ns,,,,,,0,11,65008
TestBloomFilterStringQuery,2,32768,512,64,47181,14853.6,14853.7,ns,,,,,,0,1,47280
TestBloomFilterStringQuery,8,32768,512,64,46723,15002.7,15011.3,ns,,,,,,0,3,141824
TestBloomFilterStringQuery,64,32768,512,64,46517,15072.6,15081,ns,,,,,,0,6,283648
TestBloomFilterStringQuery,512,32768,512,64,46419,15152,15157.8,ns,,,,,,0,9,425472
TestBloomFilterStringQuery,2048,32768,512,64,45537,15263.1,15270,ns,,,,,,0,11,520016
TestBloomFilterStringQuery,2,262144,512,64,45494,15374.4,15381.6,ns,,,,,,0,1,378200
TestBloomFilterStringQuery,8,262144,512,64,46135,15144,15151.6,ns,,,,,,0,3,1.13458e+06
TestBloomFilterStringQuery,64,262144,512,64,46087,15196.4,15203.8,ns,,,,,,0,6,2.26917e+06
TestBloomFilterStringQuery,512,262144,512,64,45684,15284.5,15295.6,ns,,,,,,0,9,3.40374e+06
TestBloomFilterStringQuery,2048,262144,512,64,45689,15269.9,15277.2,ns,,,,,,0,11,4.16014e+06
TestBloomFilterStringQuery,2,1000000,512,64,46250,15094,15097.9,ns,,,,,,0,1,1.4427e+06
TestBloomFilterStringQuery,8,1000000,512,64,45587,15292.4,15304.1,ns,,,,,,0,3,4.32809e+06
TestBloomFilterStringQuery,64,1000000,512,64,45385,15388.3,15395.5,ns,,,,,,0,6,8.65618e+06
TestBloomFilterStringQuery,512,1000000,512,64,45312,15404.6,15414.8,ns,,,,,,0,9,1.29843e+07
TestBloomFilterStringQuery,2048,1000000,512,64,45262,15425,15433.2,ns,,,,,,0,11,1.58696e+07
TestBloomFilterStringQuery,2,1000,4096,64,6272,111436,111439,ns,,,,,,0,1,1448
TestBloomFilterStringQuery,8,1000,4096,64,6268,111291,111292,ns,,,,,,0,3,4328
TestBloomFilterStringQuery,64,1000,4096,64,6287,111016,111016,ns,,,,,,0,6,8656
TestBloomFilterStringQuery,512,1000,4096,64,6282,111157,111158,ns,,,,,,0,9,12984
TestBloomFilterStringQuery,2048,1000,4096,64,6279,111097,111098,ns,,,,,,0,11,15872
TestBloomFilterStringQuery,2,4096,4096,64,6263,111345,111346,ns,,,,,,0,1,5912
TestBloomFilterStringQuery,8,4096,4096,64,6279,111067,111067,ns,,,,,,0,3,17728
TestBloomFilterStringQuery,64,4096,4096,64,6276,111162,111162,ns,,,,,,0,6,35456
TestBloomFilterStringQuery,512,4096,4096,64,6277,111112,111112,ns,,,,,,0,9,53184
TestBloomFilterStringQuery,2048,4096,4096,64,6285,111178,111179,ns,,,,,,0,11,65008
TestBloomFilterStringQuery,2,32768,4096,64,6284,111211,111212,ns,,,,,,0,1,47280
TestBloomFilterStringQuery,8,32768,4096,64,6258,111382,111383,ns,,,,,,0,3,141824
TestBloomFilterStringQuery,64,32768,4096,64,6218,112232,112243,ns,,,,,,0,6,283648
TestBloomFilterStringQuery,512,32768,4096,64,6178,113062,113073,ns,,,,,,0,9,425472
TestBloomFilterStringQuery,2048,32768,4096,64,6155,113614,113626,ns,,,,,,0,11,520016
TestBloomFilterStringQuery,2,262144,4096,64,6108,113448,113460,ns,,,,,,0,1,378200
TestBloomFilterStringQuery,8,262144,4096,64,6132,113784,113796,ns,,,,,,0,3,1.13458e+06
TestBloomFilterStringQuery,64,262144,4096,64,6042,115624,115632,ns,,,,,,0,6,2.26917e+06
TestBloomFilterStringQuery,512,262144,4096,64,6010,116421,116435,ns,,,,,,0,9,3.40374e+06
TestBloomFilterStringQuery,2048,262144,4096,64,5846,118340,118356,ns,,,,,,0,11,4.16014e+06
TestBloomFilterStringQuery,2,1000000,4096,64,6073,115020,115037,ns,,,,,,0,1,1.4427e+06
TestBloomFilterStringQuery,8,1000000,4096,64,5787,119577,119580,ns,,,,,,0,3,4.32809e+06
TestBloomFilterStringQuery,64,1000000,4096,64,5822,119166,119176,ns,,,,,,0,6,8.65618e+06
TestBloomFilterStringQuery,512,1000000,4096,64,5828,121380,121393,ns,,,,,,0,9,1.29843e+07
TestBloomFilterStringQuery,2048,1000000,4096,64,5711,121232,121256,ns,,,,,,0,11,1.58696e+07
TestBloomFilterStringQuery,2,1000,8192,64,3132,223138,223138,ns,,,,,,0,1,1448
TestBloomFilterStringQuery,8,1000,8192,64,3113,222599,222606,ns,,,,,,0,3,4328
TestBloomFilterStringQuery,64,1000,8192,64,3162,221960,221960,ns,,,,,,0,6,8656
TestBloomFilterStringQuery,512,1000,8192,64,3154,221879,221882,ns,,,,,,0,9,12984
TestBloomFilterStringQuery,2048,1000,8192,64,3140,226627,226607,ns,,,,,,0,11,15872
TestBloomFilterStringQuery,2,4096,8192,64,3123,222962,222959,ns,,,,,,0,1,5912
TestBloomFilterStringQuery,8,4096,8192,64,3160,221071,221071,ns,,,,,,0,3,17728
TestBloomFilterStringQuery,64,4096,8192,64,3163,221070,221069,ns,,,,,,0,6,35456
TestBloomFilterStringQuery,512,4096,8192,64,3161,221261,221258,ns,,,,,,0,9,53184
TestBloomFilterStringQuery,2048,4096,8192,64,3156,221093,221095,ns,,,,,,0,11,65008
TestBloomFilterStringQuery,2,32768,8192,64,3161,220901,220901,ns,,,,,,0,1,47280
TestBloomFilterStringQuery,8,32768,8192,64,3125,221973,221973,ns,,,,,,0,3,141824
TestBloomFilterStringQuery,64,32768,8192,64,3121,223575,223585,ns,,,,,,0,6,283648
TestBloomFilterStringQuery,512,32768,8192,64,3094,224780,224795,ns,,,,,,0,9,425472
TestBloomFilterStringQuery,2048,32768,8192,64,3107,225396,225407,ns,,,,,,0,11,520016
TestBloomFilterStringQuery,2,262144,8192,64,3098,224671,224685,ns,,,,,,0,1,378200
TestBloomFilterStringQuery,8,262144,8192,64,3092,225739,225759,ns,,,,,,0,3,1.13458e+06
TestBloomFilterStringQuery,64,262144,8192,64,3034,230403,230420,ns,,,,,,0,6,2.26917e+06
TestBloomFilterStringQuery,512,262144,8192,64,2967,235039,235069,ns,,,,,,0,9,3.40374e+06
TestBloomFilterStringQuery,2048,262144,8192,64,2960,235443,235463,ns,,,,,,0,11,4.16014e+06
TestBloomFilterStringQuery,2,1000000,8192,64,3073,226635,226645,ns,,,,,,0,1,1.4427e+06
TestBloomFilterStringQuery,8,1000000,8192,64,2844,245552,245581,ns,,,,,,0,3,4.32809e+06
TestBloomFilterStringQuery,64,1000000,8192,64,2866,243444,243471,ns,,,,,,0,6,8.65618e+06
TestBloomFilterStringQuery,512,1000000,8192,64,2871,243877,243909,ns,,,,,,0,9,1.29843e+07
TestBloomFilterStringQuery,2048,1000000,8192,64,2848,245706,245743,ns,,,,,,0,11,1.58696e+07
TestBloomFilterStringQuery,2,1000,8,100,571243,1227.43,1227.29,ns,,,,,,0,1,1448
TestBloomFilterStringQuery,8,1000,8,100,567814,1233.71,1233.5,ns,,,,,,0,3,4328
TestBloomFilterStringQuery,64,1000,8,100,566764,1231.01,1230.99,ns,,,,,,0,6,8656
TestBloomFilterStringQuery,512,1000,8,100,568751,1231.96,1231.82,ns,,,,,,0,9,12984
TestBloomFilterStringQuery,2048,1000,8,100,566372,1232.42,1232.2,ns,,,,,,0,11,15872
TestBloomFilterStringQuery,2,4096,8,100,570916,1228.66,1228.44,ns,,,,,,0,1,5912
TestBloomFilterStringQuery,8,4096,8,100,570864,1236.05,1235.63,ns,,,,,,0,3,17728
TestBloomFilterStringQuery,64,4096,8,100,561249,1240.09,1240.01,ns,,,,,,0,6,35456
TestBloomFilterStringQuery,512,4096,8,100,565586,1236.53,1236.36,ns,,,,,,0,9,53184
TestBloomFilterStringQuery,2048,4096,8,100,564277,1227.65,1227.39,ns,,,,,,0,11,65008
TestBloomFilterStringQuery,2,32768,8,100,566407,1234.08,1233.88,ns,,,,,,0,1,47280
TestBloomFilterStringQuery,8,32768,8,100,569058,1230.11,1230.04,ns,,,,,,0,3,141824
TestBloomFilterStringQuery,64,32768,8,100,567808,1233.66,1233.43,ns,,,,,,0,6,283648
TestBloomFilterStringQuery,512,32768,8,100,568412,1234.26,1233.94,ns,,,,,,0,9,425472
TestBloomFilterStringQuery,2048,32768,8,100,568142,1231.46,1231.56,ns,,,,,,0,11,520016
TestBloomFilterStringQuery,2,262144,8,100,570228,1232.08,1231.95,ns,,,,,,0,1,378200
TestBloomFilterStringQuery,8,262144,8,100,566275,1233.69,1233.65,ns,,,,,,0,3,1.13458e+06
TestBloomFilterStringQuery,64,262144,8,100,567427,1231.36,1231.2,ns,,,,,,0,6,2.26917e+06
TestBloomFilterStringQuery,512,262144,8,100,564251,1235.61,1235.61,ns,,,,,,0,9,3.40374e+06
TestBloomFilterStringQuery,2048,262144,8,100,569176,1235.32,1234.73,ns,,,,,,0,11,4.16014e+06
TestBloomFilterStringQuery,2,1000000,8,100,562773,1234.02,1233.76,ns,,,,,,0,1,1.4427e+06
TestBloomFilterStringQuery,8,1000000,8,100,562799,1231.42,1231.26,ns,,,,,,0,3,4.32809e+06
TestBloomFilterStringQuery,64,1000000,8,100,565359,1238.12,1237.48,ns,,,,,,0,6,8.65618e+06
TestBloomFilterStringQuery,512,1000000,8,100,563018,1240.87,1240.52,ns,,,,,,0,9,1.29843e+07
TestBloomFilterStringQuery,2048,1000000,8,100,565896,1240.17,1239.77,ns,,,,,,0,11,1.58696e+07
TestBloomFilterStringQuery,2,1000,64,100,254178,2753.17,2752.29,ns,,,,,,0,1,1448
TestBloomFilterStringQuery,8,1000,64,100,253691,2756.38,2755.14,ns,,,,,,0,3,4328
TestBloomFilterStringQuery,64,1000,64,100,254845,2746.65,2745.47,ns,,,,,,0,6,8656
TestBloomFilterStringQuery,512,1000,64,100,254504,2748.4,2747.82,ns,,,,,,0,9,12984
TestBloomFilterStringQuery,2048,1000,64,100,253429,2753.81,2753.03,ns,,,,,,0,11,15872
TestBloomFilterStringQuery,2,4096,64,100,254142,2750.84,2749.93,ns,,,,,,0,1,5912
TestBloomFilterStringQuery,8,4096,64,100,254555,2752.6,2751.7,ns,,,,,,0,3,17728
TestBloomFilterStringQuery,64,4096,64,100,253943,2754.1,2753.42,ns,,,,,,0,6,35456
TestBloomFilterStringQuery,512,4096,64,100,253981,2753.18,2752.23,ns,,,,,,0,9,53184
TestBloomFilterStringQuery,2048,4096,64,100,254105,2753.02,2752.63,ns,,,,,,0,11,65008
TestBloomFilterStringQuery,2,32768,64,100,254089,2788.58,2787.85,ns,,,,,,0,1,47280
TestBloomFilterStringQuery,8,32768,64,100,253616,2754.62,2753.53,ns,,,,,,0,3,141824
TestBloomFilterStringQuery,64,32768,64,100,254248,2754.79,2753.77,ns,,,,,,0,6,283648
TestBloomFilterStringQuery,512,32768,64,100,253790,2756.6,2755.38,ns,,,,,,0,9,425472
TestBloomFilterStringQuery,2048,32768,64,100,253622,2761.59,2760.91,ns,,,,,,0,11,520016
TestBloomFilterStringQuery,2,262144,64,100,253518,2768.35,2767.56,ns,,,,,,0,1,378200
TestBloomFilterStringQuery,8,262144,64,100,252055,2774.04,2774.5,ns,,,,,,0,3,1.13458e+06
TestBloomFilterStringQuery,64,262144,64,100,252070,2780.1,2780.05,ns,,,,,,0,6,2.26917e+06
TestBloomFilterStringQuery,512,262144,64,100,251957,2779.21,2778.8,ns,,,,,,0,9,3.40374e+06
TestBloomFilterStringQuery,2048,262144,64,100,251296,2783.85,2783.49,ns,,,,,,0,11,4.16014e+06
TestBloomFilterStringQuery,2,1000000,64,100,252142,2772.33,2771.85,ns,,,,,,0,1,1.4427e+06
TestBloomFilterStringQuery,8,1000000,64,100,251353,2787.58,2786.89,ns,,,,,,0,3,4.32809e+06
TestBloomFilterStringQuery,64,1000000,64,100,251195,2789.38,2788.73,ns,,,,,,0,6,8.65618e+06
TestBloomFilterStringQuery,512,1000000,64,100,250408,2788.07,2787.44,ns,,,,,,0,9,1.29843e+07
TestBloomFilterStringQuery,2048,1000000,64,100,250549,2792.11,2791.7,ns,,,,,,0,11,1.58696e+07
TestBloomFilterStringQuery,2,1000,512,100,46982,14864.2,14863.1,ns,,,,,,0,1,1448
TestBloomFilterStringQuery,8,1000,512,100,47118,14850,14849.3,ns,,,,,,0,3,4328
TestBloomFilterStringQuery,64,1000,512,100,47164,14808.7,14807.8,ns,,,,,,0,6,8656
TestBloomFilterStringQuery,512,1000,512,100,47162,14827.1,14826,ns,,,,,,0,9,12984
TestBloomFilterStringQuery,2048,1000,512,100,47139,14818,14818.4,ns,,,,,,0,11,15872
TestBloomFilterStringQuery,2,4096,512,100,47085,14842.3,14841.2,ns,,,,,,0,1,5912
TestBloomFilterStringQuery,8,4096,512,100,47133,14830.3,14829.2,ns,,,,,,0,3,17728
TestBloomFilterStringQuery,64,4096,512,100,47180,14815,14814,ns,,,,,,0,6,35456
TestBloomFilterStringQuery,512,4096,512,100,47069,14834.6,14834.2,ns,,,,,,0,9,53184
TestBloomFilterStringQuery,2048,4096,512,100,47111,14830.9,14830.1,ns,,,,,,0,11,65008
TestBloomFilterStringQuery,2,32768,512,100,47142,14833.6,14832.2,ns,,,,,,0,1,47280
TestBloomFilterStringQuery,8,32768,512,100,47040,14875.6,14874.5,ns,,,,,,0,3,141824
TestBloomFilterStringQuery,64,32768,512,100,46545,15003.4,15003.7,ns,,,,,,0,6,283648
TestBloomFilterStringQuery,512,32768,512,100,46319,15064.8,15072.5,ns,,,,,,0,9,425472
TestBloomFilterStringQuery,2048,32768,512,100,46394,15060.8,15067.5,ns,,,,,,0,11,520016
TestBloomFilterStringQuery,2,262144,512,100,46459,15047.2,15048.9,ns,,,,,,0,1,378200
TestBloomFilterStringQuery,8,262144,512,100,46341,15094.9,15098.3,ns,,,,,,0,3,1.13458e+06
TestBloomFilterStringQuery,64,262144,512,100,45936,15191.4,15199.4,ns,,,,,,0,6,2.26917e+06
TestBloomFilterStringQuery,512,262144,512,100,45752,15252.6,15262.2,ns,,,,,,0,9,3.40374e+06
TestBloomFilterStringQuery,2048,262144,512,100,45727,15278.4,15285.3,ns,,,,,,0,11,4.16014e+06
TestBloomFilterStringQuery,2,1000000,512,100,46319,15088.3,15092.1,ns,,,,,,0,1,1.4427e+06
TestBloomFilterStringQuery,8,1000000,512,100,45670,15276.7,15285.1,ns,,,,,,0,3,4.32809e+06
TestBloomFilterStringQuery,64,1000000,512,100,45270,15425.9,15431.7,ns,,,,,,0,6,8.65618e+06
TestBloomFilterStringQuery,512,1000000,512,100,45302,15420.7,15430.8,ns,,,,,,0,9,1.29843e+07
TestBloomFilterStringQuery,2048,1000000,512,100,45264,15408.9,15419.3,ns,,,,,,0,11,1.58696e+07
TestBloomFilterStringQuery,2,1000,4096,100,6271,111400,111400,ns,,,,,,0,1,1448
TestBloomFilterStringQuery,8,1000,4096,100,6272,111222,111221,ns,,,,,,0,3,4328
TestBloomFilterStringQuery,64,1000,4096,100,6285,110984,110984,ns,,,,,,0,6,8656
TestBloomFilterStringQuery,512,1000,4096,100,6289,111014,111014,ns,,,,,,0,9,12984
TestBloomFilterStringQuery,2048,1000,4096,100,6289,111185,111184,ns,,,,,,0,11,15872
TestBloomFilterStringQuery,2,4096,4096,100,6266,111230,111231,ns,,,,,,0,1,5912
TestBloomFilterStringQuery,8,4096,4096,100,6282,111054,111054,ns,,,,,,0,3,17728
TestBloomFilterStringQuery,64,4096,4096,100,6274,111208,111209,ns,,,,,,0,6,35456
TestBloomFilterStringQuery,512,4096,4096,100,6291,111011,111012,ns,,,,,,0,9,53184
TestBloomFilterStringQuery,2048,4096,4096,100,6278,111174,111175,ns,,,,,,0,11,65008
TestBloomFilterStringQuery,2,32768,4096,100,6285,111017,111018,ns,,,,,,0,1,47280
TestBloomFilterStringQuery,8,32768,4096,100,6268,111377,111378,ns,,,,,,0,3,141824
TestBloomFilterStringQuery,64,32768,4096,100,6221,112277,112289,ns,,,,,,0,6,283648
TestBloomFilterStringQuery,512,32768,4096,100,6181,112855,112865,ns,,,,,,0,9,425472
TestBloomFilterStringQuery,2048,32768,4096,100,6175,112940,112954,ns,,,,,,0,11,520016
TestBloomFilterStringQuery,2,262144,4096,100,6179,112856,112869,ns,,,,,,0,1,378200
TestBloomFilterStringQuery,8,262144,4096,100,6085,114730,114757,ns,,,,,,0,3,1.13458e+06
TestBloomFilterStringQuery,64,262144,4096,100,6025,115859,115882,ns,,,,,,0,6,2.26917e+06
TestBloomFilterStringQuery,512,262144,4096,100,6022,115945,115950,ns,,,,,,0,9,3.40374e+06
TestBloomFilterStringQuery,2048,262144,4096,100,5984,116627,116642,ns,,,,,,0,11,4.16014e+06
TestBloomFilterStringQuery,2,1000000,4096,100,6067,114916,114942,ns,,,,,,0,1,1.4427e+06
TestBloomFilterStringQuery,8,1000000,4096,100,5791,120411,120437,ns,,,,,,0,3,4.32809e+06
TestBloomFilterStringQuery,64,1000000,4096,100,5885,118583,118605,ns,,,,,,0,6,8.65618e+06
TestBloomFilterStringQuery,512,1000000,4096,100,5890,118539,118562,ns,,,,,,0,9,1.29843e+07
TestBloomFilterStringQuery,2048,1000000,4096,100,5865,118781,118796,ns,,,,,,0,11,1.58696e+07
TestBloomFilterStringQuery,2,1000,8192,100,3154,222040,222039,ns,,,,,,0,1,1448
TestBloomFilterStringQuery,8,1000,8192,100,3159,221904,221905,ns,,,,,,0,3,4328
TestBloomFilterStringQuery,64,1000,8192,100,3165,221058,221056,ns,,,,,,0,6,8656
TestBloomFilterStringQuery,512,1000,8192,100,3157,221003,221003,ns,,,,,,0,9,12984
TestBloomFilterStringQuery,2048,1000,8192,100,3161,220974,220976,ns,,,,,,0,11,15872
TestBloomFilterStringQuery,2,4096,8192,100,3158,221357,221357,ns,,,,,,0,1,5912
TestBloomFilterStringQuery,8,4096,8192,100,3158,221229,221230,ns,,,,,,0,3,17728
TestBloomFilterStringQuery,64,4096,8192,100,3162,221133,221137,ns,,,,,,0,6,35456
TestBloomFilterStringQuery,512,4096,8192,100,3159,221195,221197,ns,,,,,,0,9,53184
TestBloomFilterStringQuery,2048,4096,8192,100,3165,221182,221184,ns,,,,,,0,11,65008
TestBloomFilterStringQuery,2,32768,8192,100,3162,221374,221374,ns,,,,,,0,1,47280
TestBloomFilterStringQuery,8,32768,8192,100,3159,221451,221455,ns,,,,,,0,3,141824
TestBloomFilterStringQuery,64,32768,8192,100,3130,223456,223470,ns,,,,,,0,6,283648
TestBloomFilterStringQuery,512,32768,8192,100,3100,224877,224889,ns,,,,,,0,9,425472
TestBloomFilterStringQuery,2048,32768,8192,100,3099,225009,225017,ns,,,,,,0,11,520016
TestBloomFilterStringQuery,2,262144,8192,100,3101,224888,224898,ns,,,,,,0,1,378200
TestBloomFilterStringQuery,8,262144,8192,100,3046,229294,229303,ns,,,,,,0,3,1.13458e+06
TestBloomFilterStringQuery,64,262144,8192,100,3009,231622,231636,ns,,,,,,0,6,2.26917e+06
TestBloomFilterStringQuery,512,262144,8192,100,2952,236551,236559,ns,,,,,,0,9,3.40374e+06
TestBloomFilterStringQuery,2048,262144,8192,100,2958,235755,235775,ns,,,,,,0,11,4.16014e+06
TestBloomFilterStringQuery,2,1000000,8192,100,3023,230760,230768,ns,,,,,,0,1,1.4427e+06
TestBloomFilterStringQuery,8,1000000,8192,100,2841,245142,245166,ns,,,,,,0,3,4.32809e+06
TestBloomFilterStringQuery,64,1000000,8192,100,2866,244244,244263,ns,,,,,,0,6,8.65618e+06
TestBloomFilterStringQuery,512,1000000,8192,100,2860,244011,244025,ns,,,,,,0,9,1.29843e+07
TestBloomFilterStringQuery,2048,1000000,8192,100,2853,245061,245085,ns,,,,,,0,11,1.58696e+07
